folder_id,state,year,n_files,farm_numbers,flags
RE-NSW-2020-0033,NSW,2020,9,92,OK
RE-NSW-2020-0088,NSW,2020,9,74,OK
RE-NSW-2020-0144,NSW,2020,9,23,OK
RE-NSW-2020-0177,NSW,2020,9,48,OK
RE-NSW-2020-0211,NSW,2020,9,69,OK
RE-NSW-2021-0044,NSW,2021,9,59,OK
RE-NSW-2021-0066,NSW,2021,9,44,OK
RE-NSW-2021-0099,NSW,2021,9,29,OK
RE-NSW-2021-0133,NSW,2021,9,50,OK
RE-NSW-2021-0177,NSW,2021,9,38,OK
RE-NSW-2021-0200,NSW,2021,9,14,OK
RE-NSW-2021-0222,NSW,2021,9,65,OK
RE-NSW-2022-0022,NSW,2022,9,62,OK
RE-NSW-2022-0044,NSW,2022,9,42,OK
RE-NSW-2022-0055,NSW,2022,9,34,OK
RE-NSW-2022-0088,NSW,2022,9,17,OK
RE-NSW-2022-0111,NSW,2022,9,82,OK
RE-NSW-2022-0130,NSW,2022,9,26,OK
RE-NSW-2022-0155,NSW,2022,9,85,OK
RE-NSW-2022-0166,NSW,2022,9,67,OK
RE-NSW-2022-0187,NSW,2022,9,2,OK
RE-NSW-2022-0199,NSW,2022,9,73,OK
RE-NSW-2023-0031,NSW,2023,9,9,OK
RE-NSW-2023-0044,NSW,2023,9,90,OK
RE-NSW-2023-0055,NSW,2023,9,95,OK
RE-NSW-2023-0066,NSW,2023,9,19,OK
RE-NSW-2023-0088,NSW,2023,9,40,OK
RE-NT-2022-0008,NT,2022,9,77,OK
RE-QLD-2020-0067,QLD,2020,9,7,OK
RE-QLD-2020-0133,QLD,2020,9,51,OK
RE-QLD-2020-0199,QLD,2020,9,33,OK
RE-QLD-2021-0055,QLD,2021,9,56,OK
RE-QLD-2021-0112,QLD,2021,9,5,OK
RE-QLD-2021-0144,QLD,2021,9,46,OK
RE-QLD-2021-0178,QLD,2021,9,21,OK
RE-QLD-2021-0200,QLD,2021,9,91,OK
RE-QLD-2022-0077,QLD,2022,8,-,MISSING_TRACK_1
RE-QLD-2022-0091,QLD,2022,9,22,OK
RE-QLD-2022-0144,QLD,2022,9,98,OK
RE-QLD-2022-0177,QLD,2022,9,53,OK
RE-QLD-2023-0011,QLD,2023,9,93,OK
RE-QLD-2023-0022,QLD,2023,9,58,OK
RE-QLD-2023-0033,QLD,2023,9,84,OK
RE-QLD-2023-0044,QLD,2023,9,13,OK
RE-SA-2020-0090,SA,2020,9,43,OK
RE-SA-2020-0120,SA,2020,9,12,OK
RE-SA-2020-0155,SA,2020,9,63,OK
RE-SA-2021-0066,SA,2021,8,-,MISSING_TRACK_1
RE-SA-2021-0148,SA,2021,9,8,OK
RE-SA-2021-0177,SA,2021,9,54,OK
RE-SA-2021-0200,SA,2021,9,32,OK
RE-SA-2021-0222,SA,2021,9,89,OK
RE-SA-2022-0033,SA,2022,9,64,OK
RE-SA-2022-0066,SA,2022,9,70,OK
RE-SA-2022-0177,SA,2022,9,18,OK
RE-SA-2023-0055,SA,2023,9,4,OK
RE-SA-2023-0081,SA,2023,9,28,OK
RE-SA-2024-0003,SA,2024,9,81,OK
RE-TAS-2021-0006,TAS,2021,9,86,OK
RE-TAS-2023-0014,TAS,2023,9,76,OK
RE-VIC-2020-0093,VIC,2020,9,3,OK
RE-VIC-2020-0181,VIC,2020,9,39,OK
RE-VIC-2021-0055,VIC,2021,9,41,OK
RE-VIC-2021-0099,VIC,2021,9,97,OK
RE-VIC-2021-0144,VIC,2021,9,20,OK
RE-VIC-2021-0188,VIC,2021,9,68,OK
RE-VIC-2022-0044,VIC,2022,9,94,OK
RE-VIC-2022-0076,VIC,2022,9,10,OK
RE-VIC-2022-0100,VIC,2022,9,47,OK
RE-VIC-2022-0122,VIC,2022,9,88,OK
RE-VIC-2022-0157,VIC,2022,9,30,OK
RE-VIC-2022-0188,VIC,2022,9,60,OK
RE-VIC-2023-0011,VIC,2023,9,15,OK
RE-VIC-2023-0055,VIC,2023,9,79,OK
RE-WA-2020-0099,WA,2020,9,66,OK
RE-WA-2020-0155,WA,2020,9,16,OK
RE-WA-2020-0177,WA,2020,9,55,OK
RE-WA-2020-0188,WA,2020,9,99,OK
RE-WA-2020-0212,WA,2020,9,36,OK
RE-WA-2021-0041,WA,2021,9,1,OK
RE-WA-2021-0077,WA,2021,18,"35,100",DOUBLED
RE-WA-2021-0099,WA,2021,9,11,OK
RE-WA-2021-0133,WA,2021,9,27,OK
RE-WA-2021-0166,WA,2021,9,72,OK
RE-WA-2021-0188,WA,2021,9,83,OK
RE-WA-2021-0199,WA,2021,9,52,OK
RE-WA-2021-0244,WA,2021,9,61,OK
RE-WA-2021-0300,WA,2021,9,78,OK
RE-WA-2022-0055,WA,2022,9,57,OK
RE-WA-2022-0088,WA,2022,9,31,OK
RE-WA-2022-0144,WA,2022,9,49,OK
RE-WA-2022-0166,WA,2022,9,37,OK
RE-WA-2022-0177,WA,2022,9,96,OK
RE-WA-2022-0204,WA,2022,9,6,OK
RE-WA-2022-0211,WA,2022,9,71,OK
RE-WA-2023-0018,WA,2023,9,25,OK
RE-WA-2023-0033,WA,2023,9,45,OK
RE-WA-2023-0044,WA,2023,9,87,OK
RE-WA-2023-0055,WA,2023,9,75,OK
