,mutual_info
log_len_0,0.21949330555869406
len_0,0.20735342824024539
frac_mid,0.19576084313575537
len_2,0.19465087506150147
len_4,0.18833429701873317
first_is_mid,0.1860506294076847
len_q75,0.18033790628424717
inst_rate_range,0.1795624134514795
n_audio,0.17696362186859704
n_mid,0.17318550181041426
log_len_2,0.17160764844684628
log_len_4,0.17042189636823712
len_q25,0.17012977226658932
group_max_bytes_500us,0.16984440948122637
len_3,0.16902212770656377
len_dct_2,0.16756288508720862
log_len_1,0.1666274434666415
len_1,0.16461998223298968
len_min,0.16237210885416387
bytes_time_slope,0.16231208290128074
inst_rate_q25,0.1620422083754538
len_dct_3,0.16163853846381016
log_inst_rate_q25,0.1607150743102248
log_len_3,0.15869216886470006
len_median,0.1570515145454745
inst_rate_mean,0.15587478122588405
inst_rate_sum,0.15587478122588405
len_ratio_23,0.15383244077733504
len_trend_slope,0.15334503800614607
log_inst_rate_max,0.15320170474328365
frac_audio,0.151809581947848
log_inst_rate_q75,0.15167547524086378
group_max_bytes_20000us,0.15103471388581657
inst_rate_max,0.15100499272514312
len_max,0.14736722837309313
group_max_bytes_1000us,0.1460649482017653
len_dct_4,0.1451882395192179
inst_rate_median,0.14233404506610015
inst_rate_q75,0.14080858639778437
len_diff_23,0.14038030025948545
len_dct_0,0.13119487559359744
log_inst_rate_median,0.13115227049146827
len_dct_1,0.13109123249656363
len_mod8_n_distinct,0.129416222087958
len_cv,0.12939258124760622
group_max_bytes_5000us,0.12869438886692008
log_inst_rate_mean,0.12735689258894767
log_inst_rate_sum,0.12735689258894767
first_vs_rest_ratio,0.12544717869988142
bytes_per_sec,0.12514454365040817
len_mean,0.12513240851922536
len_trend_r2,0.12368393531961619
len_sum,0.12329472900297467
total_bytes,0.12281745054950566
len_fftmag_0,0.1227198189042551
len_ratio_03,0.12219221599569985
log_bytes_per_sec,0.12131983000426616
len_diff_24,0.12055443034337321
srtp_payload_mean,0.11782263275706883
len_std,0.11750157192088806
len_over_max_4,0.11547997438175939
inst_rate_std,0.11435380767870718
len_n_equal_step,0.11113228542644471
len_ratio_34,0.11101796543250675
len_over_first_3,0.1106723122686557
len_step_3,0.11030387701006017
len_range,0.10816352632629478
len_ratio_12,0.10799718857540919
rtp_payload_mean,0.10769857471634414
len_step_4,0.10556660534266715
len_diff_34,0.10552399756196307
len_fftmag_2,0.10451580972412855
len_n_distinct,0.10296906122236038
len_ratio_24,0.10162091633586123
len_fftmag_1,0.10040912213899111
len_ratio_04,0.09880035886093741
len_mod4_n_distinct,0.09867403515239159
len_step_sign_4,0.0970873567471573
len_step_sign_3,0.09586649095953481
first_vs_rest_diff,0.09507545846238963
len_diff_13,0.0941786583381341
len_over_first_4,0.09372837975645076
len_kurt,0.09276912178290941
inst_rate_min,0.09258400454225013
len_argmax,0.08720671109979583
len_ratio_13,0.08665013054526938
len_over_max_0,0.08601725475546584
len_n_increase,0.08585903647566528
len_ratio_01,0.08565447129549209
len_longest_monotone,0.08546616616208325
len_skew,0.08455745290679273
log_inst_rate_min,0.08382090755261262
inst_rate_iqr,0.08230240141663958
len_over_first_1,0.08184313852487213
len_entropy,0.07582421103351389
len_diff_14,0.07405811913379767
len_iqr,0.07070876359529144
iat_min,0.06786539418089821
len_mod4_n_zero,0.0675735028557154
len_ratio_02,0.06702406902958358
len_diff_01,0.063069261791181
len_mod8_n_zero,0.0627924228667025
logiat_min,0.05775181397803264
log_inst_rate_kurt,0.05772285478033745
longest_burst_1000us,0.057687201198140636
len_over_first_2,0.05764756672130322
len_diff_04,0.05714683378230534
len_over_max_1,0.052961573164033604
len_step_1,0.05112561094309842
len_ratio_14,0.050647165056390886
first_is_audio,0.050137703685647406
len_mod16_n_distinct,0.0497685957092846
len_over_max_3,0.048131542868041555
iat_frac_2,0.04667829639733623
len_over_max_2,0.043379449157437966
log_inst_rate_skew,0.04303119944666789
len_diff_12,0.04272044560365784
len_mod4_1,0.0420138220498909
len_all_equal,0.04191924338617348
iat_frac_4,0.039069076508303935
n_iat_below_1000us,0.03734021663033493
tfrac_3,0.036489711428938865
len_step_sign_2,0.0353968993202165
len_step_sign_1,0.03522868130576451
frac_iat_below_5000us,0.03458939405522732
group_gap_mean_5000us,0.03451865391310904
n_iat_below_20000us,0.034132021549595715
log_t_2,0.0326782804324246
len_mod16_n_zero,0.03137681796050562
n_iat_below_500us,0.029404641716596958
tfrac_1,0.029230434454473375
iat_frac_1,0.029230434454473375
len_mod8_4,0.029229338990455878
logiat_std,0.02906781702810801
t_2,0.02861454967696475
iat_std,0.02816551166151715
n_mtu,0.02773280336260786
log_inst_rate_cv,0.027096147083596867
group_gap_mean_500us,0.026547526990311265
iat_3,0.02641611017357892
iat_4,0.02512691507030218
packets_per_group_1000us,0.0243411822221391
frac_iat_below_500us,0.02412803632956928
first_is_tiny,0.022773610345033557
n_len47,0.0221846570690154
len_mod8_3,0.021912855074264437
inst_rate_kurt,0.021819150861275505
group_max_packets_5000us,0.020796943928803602
log_iat_3,0.019268642873236264
len_mod8_0,0.01859171397295123
frac_iat_below_1000us,0.018162187787644557
is_constant_keepalive,0.01805599768525923
group_max_packets_500us,0.017733879238785333
n_groups_500us,0.017469092149861032
len_mod16_3,0.01697849232959503
len_mod8_2,0.016932296132635916
log_iat_4,0.01542273772419378
group_max_packets_20000us,0.015029643823669003
inst_rate_cv,0.014956143428131785
len_n_decrease,0.01495344753383554
iat_q25,0.013949061426360432
len_diff_03,0.012652917036158895
tfrac_4,0.01215484070376771
logiat_dct_2,0.011871352899916587
longest_burst_5000us,0.01140842250652141
logiat_dct_1,0.01134655845559518
logiat_range,0.011168125747814672
len_diff_02,0.01059418324296435
log_inst_rate_range,0.010401818558620768
log_inst_rate_std,0.010310662016193683
len_step_2,0.009753744161897338
frac_mtu,0.009652101125743329
iat_q75,0.009555619743354393
bytes_time_r2,0.007267481703613132
len_mod8_1,0.0071634419245585335
t_0,0.006013070330153969
packets_per_group_500us,0.004351230943027362
logiat_q75,0.004226821557413274
log_inst_rate_iqr,0.003948795963801155
iat_range,0.0011642737796770941
n_groups_20000us,0.0011005757326949528
n_groups_1000us,0.0004563966560362509
log_t_1,0.0
logiat_dct_0,0.0
logiat_dct_3,0.0
iat_2,0.0
t_3,0.0
log_t_3,0.0
t_1,0.0
iat_skew,0.0
iat_kurt,0.0
longest_burst_500us,0.0
iat_iqr,0.0
iat_sum,0.0
iat_cv,0.0
group_max_packets_1000us,0.0
group_gap_mean_1000us,0.0
n_iat_below_5000us,0.0
len_mod16_0,0.0
len_mod16_1,0.0
len_mod16_2,0.0
len_mod16_4,0.0
len_mod4_3,0.0
len_mod4_4,0.0
n_groups_5000us,0.0
packets_per_group_5000us,0.0
frac_iat_below_20000us,0.0
longest_burst_20000us,0.0
first_is_mtu,0.0
len_mod4_0,0.0
len_mod4_2,0.0
group_gap_mean_20000us,0.0
packets_per_group_20000us,0.0
logiat_median,0.0
logiat_q25,0.0
logiat_iqr,0.0
frac_tiny,0.0
iat_max,0.0
iat_mean,0.0
iat_median,0.0
packets_per_sec,0.0
log_iat_2,0.0
tfrac_2,0.0
duration,0.0
log_duration,0.0
n_tiny,0.0
logiat_max,0.0
logiat_mean,0.0
iat_frac_3,0.0
inst_rate_skew,0.0
logiat_sum,0.0
logiat_cv,0.0
logiat_skew,0.0
logiat_kurt,0.0
len_argmin,0.0
len_over_first_0,0.0
t_4,0.0
log_t_4,0.0
iat_1,0.0
log_iat_1,0.0
log_t_0,0.0
