label,26.0,43.0,44.0,45.0,47.0,48.0,49.0,50.0,51.0,52.0,53.0,54.0,63.0,80.0,83.0,97.0,100.0,101.0,102.0,103.0,104.0,105.0,106.0,107.0,108.0,109.0,110.0,111.0,112.0,113.0,114.0,115.0,116.0,118.0,119.0,120.0,122.0,123.0,158.0,159.0,162.0,163.0,173.0,194.0,211.0,212.0,215.0,216.0,217.0,218.0,220.0,221.0,223.0,224.0,225.0,226.0,227.0,285.0,1155.0,1187.0
Discord_voice,0.0,0.0,0.0,0.0,0.4146,0.0,0.0,0.0,0.0,0.0,0.0,0.0,0.0,0.0,0.0,0.0,0.0,0.0013,0.0783,0.1425,0.0013,0.009,0.0077,0.0193,0.009,0.0039,0.0,0.0,0.0064,0.0051,0.0039,0.0064,0.0026,0.0116,0.0051,0.0064,0.0051,0.0077,0.0064,0.0013,0.0051,0.0039,0.0051,0.0039,0.018,0.0167,0.0154,0.0193,0.0167,0.0193,0.0244,0.0244,0.018,0.0141,0.0103,0.018,0.0128,0.0,0.0,0.0
Discord_video,0.0,0.0,0.0,0.0,0.3888,0.0,0.0,0.0,0.0,0.0,0.0,0.0,0.0,0.3347,0.0,0.0,0.0,0.004,0.0261,0.022,0.0,0.0,0.002,0.004,0.0,0.002,0.004,0.0,0.0,0.002,0.0,0.0,0.002,0.0,0.002,0.004,0.0,0.0,0.0,0.0,0.024,0.0,0.0,0.0421,0.002,0.002,0.004,0.0,0.004,0.004,0.01,0.01,0.004,0.008,0.014,0.006,0.01,0.0,0.018,0.0401
GoogleMeet_voice,0.0,0.0,0.0,0.1034,0.0,0.0,0.0,0.0,0.0,0.0,0.0,0.0,0.0,0.0115,0.0,0.0,0.0172,0.0057,0.0,0.0172,0.0172,0.023,0.0287,0.0632,0.0747,0.0402,0.0575,0.0632,0.0862,0.0977,0.0517,0.0977,0.0345,0.0287,0.0057,0.0345,0.0172,0.023,0.0,0.0,0.0,0.0,0.0,0.0,0.0,0.0,0.0,0.0,0.0,0.0,0.0,0.0,0.0,0.0,0.0,0.0,0.0,0.0,0.0,0.0
GoogleMeet_video,0.0,0.0,0.0,0.0054,0.0,0.0,0.0,0.0,0.0,0.0,0.0,0.0,0.0,0.0,0.0108,0.0162,0.0324,0.0378,0.0541,0.0757,0.0432,0.0216,0.0432,0.0486,0.0595,0.0649,0.0432,0.0541,0.0378,0.027,0.0216,0.0324,0.0216,0.0108,0.0486,0.027,0.0216,0.0216,0.0,0.0054,0.0054,0.0,0.0054,0.0,0.0,0.0,0.0054,0.0,0.0054,0.0,0.0,0.0,0.0108,0.0,0.0,0.0054,0.0054,0.0054,0.0432,0.0216
Messenger_voice,0.0,0.0,0.3088,0.0,0.0,0.1474,0.193,0.0456,0.0421,0.0421,0.0316,0.0386,0.0,0.0,0.0,0.0,0.0,0.0,0.0,0.0,0.0,0.0,0.0,0.0035,0.0,0.0,0.0,0.0,0.0,0.0,0.0,0.0,0.0,0.0,0.0,0.0,0.0,0.0,0.0211,0.0211,0.0175,0.0386,0.0246,0.0035,0.0035,0.0035,0.0,0.0,0.0035,0.0035,0.0,0.0035,0.0035,0.0,0.0,0.0,0.0,0.0,0.0,0.0
Messenger_video,0.0,0.0,0.0158,0.0,0.0,0.0032,0.0095,0.0095,0.0095,0.0379,0.0221,0.0095,0.0442,0.0,0.082,0.0,0.0,0.0,0.0,0.0,0.0063,0.0,0.0,0.0,0.0,0.0,0.0,0.0,0.0,0.0,0.0,0.0,0.0,0.0,0.0,0.0,0.0,0.0,0.0126,0.0158,0.0095,0.0063,0.0032,0.0063,0.0,0.0,0.0032,0.0032,0.0063,0.0,0.0032,0.0,0.0,0.0,0.0,0.0,0.0032,0.6782,0.0,0.0
WhatsApp_voice,0.4894,0.2376,0.0496,0.0319,0.0106,0.0106,0.0,0.0106,0.0106,0.0177,0.0496,0.0319,0.0106,0.0,0.0071,0.0,0.0,0.0,0.0,0.0,0.0035,0.0,0.0035,0.0,0.0035,0.0,0.0071,0.0,0.0,0.0,0.0035,0.0,0.0035,0.0035,0.0,0.0,0.0,0.0,0.0,0.0,0.0,0.0,0.0035,0.0,0.0,0.0,0.0,0.0,0.0,0.0,0.0,0.0,0.0,0.0,0.0,0.0,0.0,0.0,0.0,0.0
WhatsApp_video,0.0,0.0,0.0,0.0,0.0,0.0,0.0,0.0,0.0,0.0,0.0,0.3333,0.0,0.0,0.3333,0.0,0.0,0.0,0.0,0.0,0.0,0.0,0.0,0.0,0.0,0.0,0.0,0.0,0.0,0.0,0.0,0.0,0.0,0.3333,0.0,0.0,0.0,0.0,0.0,0.0,0.0,0.0,0.0,0.0,0.0,0.0,0.0,0.0,0.0,0.0,0.0,0.0,0.0,0.0,0.0,0.0,0.0,0.0,0.0,0.0
Zoom_voice,0.0,0.0,0.0,0.0,0.0,0.0,0.0,0.0,0.0,0.0,0.0,0.0,0.0,0.0,0.0,0.0812,0.0348,0.1159,0.0986,0.0928,0.1159,0.0609,0.0725,0.0783,0.0493,0.029,0.0406,0.029,0.0261,0.0261,0.0116,0.0058,0.0029,0.0029,0.0,0.0029,0.0058,0.0,0.0,0.0029,0.0,0.0,0.0,0.0029,0.0,0.0029,0.0,0.0,0.0029,0.0,0.0,0.0029,0.0,0.0,0.0,0.0,0.0029,0.0,0.0,0.0
Zoom_video,0.0,0.0,0.0,0.0,0.0,0.0,0.0,0.0,0.0,0.0,0.0,0.0,0.0,0.0,0.0,0.0612,0.0321,0.1516,0.1108,0.1283,0.0904,0.0787,0.0641,0.0758,0.0292,0.0321,0.0321,0.0233,0.0292,0.0175,0.0087,0.0058,0.0029,0.0,0.0,0.0058,0.0087,0.0029,0.0,0.0029,0.0029,0.0,0.0029,0.0,0.0,0.0,0.0,0.0,0.0,0.0,0.0,0.0,0.0,0.0,0.0,0.0,0.0,0.0,0.0,0.0
