label,top_lengths(count)
Discord_video,"47(194), 80(167), 194(21), 1187(20), 1203(13), 102(13), 162(12), 1119(12), 1242(11), 103(11), 612(11), 1180(11), 1163(10), 1167(10), 1200(9), 1099(9), 1139(9), 1192(9), 1155(9), 1142(8)"
Discord_voice,"47(323), 103(111), 102(61), 220(19), 221(19), 107(15), 216(15), 218(15), 223(14), 226(14), 211(14), 222(13), 212(13), 217(13), 215(12), 230(11), 224(11), 229(11), 227(10), 213(10)"
GoogleMeet_video,"103(14), 109(12), 108(11), 74(11), 102(10), 111(10), 119(9), 107(9), 1155(8), 106(8), 104(8), 110(8), 112(7), 78(7), 101(7), 115(6), 100(6), 1102(6), 945(5), 1114(5)"
GoogleMeet_voice,"45(18), 113(17), 115(17), 112(15), 108(13), 111(11), 107(11), 110(10), 114(9), 117(9), 109(7), 116(6), 120(6), 118(5), 106(5), 123(4), 105(4), 122(3), 104(3), 100(3)"
Messenger_video,"285(215), 83(26), 63(14), 52(12), 86(9), 161(8), 53(7), 177(6), 160(5), 159(5), 82(5), 44(5), 874(4), 615(4), 1069(4), 1150(4), 1116(4), 158(4), 637(4), 1168(3)"
Messenger_voice,"44(88), 49(55), 48(42), 50(13), 52(12), 51(12), 163(11), 54(11), 166(9), 165(9), 53(9), 173(7), 158(6), 159(6), 179(6), 185(6), 180(5), 162(5), 157(5), 181(5)"
WhatsApp_video,"1079(8), 980(7), 985(6), 1028(6), 1000(6), 968(6), 864(5), 913(5), 976(5), 1075(5), 973(5), 969(5), 972(5), 940(4), 900(4), 881(4), 873(4), 944(4), 909(4), 917(4)"
WhatsApp_voice,"26(138), 43(67), 53(14), 44(14), 55(12), 61(10), 54(9), 46(9), 42(9), 45(9), 58(8), 56(8), 57(7), 30(6), 52(5), 62(5), 41(4), 60(4), 50(3), 63(3)"
Zoom_video,"101(52), 103(44), 102(38), 104(31), 105(27), 107(26), 106(22), 97(21), 100(11), 110(11), 109(11), 108(10), 688(10), 750(10), 112(10), 654(9), 986(9), 111(8), 594(8), 868(7)"
Zoom_voice,"101(40), 104(40), 102(34), 103(32), 97(28), 107(27), 106(25), 105(21), 108(17), 110(14), 100(12), 109(10), 111(10), 112(9), 113(9), 114(4), 127(2), 124(2), 141(2), 136(2)"
