label,count,mean,std,min,10%,50%,90%,99%,max
Discord_voice,238.0,0.180433,1.547395,4.8e-05,0.000128,0.000309,0.001095,1.93939,23.071511
Discord_video,256.0,0.020268,0.138471,5.7e-05,0.000129,0.000303,0.002187,0.999077,1.001487
GoogleMeet_voice,40.0,0.025719,0.15837,0.000155,0.000263,0.000476,0.001523,0.61254,1.002295
GoogleMeet_video,112.0,0.073489,0.25891,9.1e-05,0.00026,0.001235,0.009237,1.005519,1.009884
Messenger_voice,94.0,0.42402,0.489383,0.000181,0.000695,0.002613,1.004053,1.006614,1.007016
Messenger_video,131.0,0.062511,0.240487,9.8e-05,0.000246,0.000742,0.005214,1.00299,1.004035
WhatsApp_voice,80.0,0.264451,0.471329,0.000298,0.000758,0.001641,1.003205,1.215738,2.006337
WhatsApp_video,82.0,0.02509,0.15499,0.000145,0.000256,0.00062,0.001456,0.998194,1.001158
Zoom_voice,80.0,0.10144,0.302051,0.000122,0.000217,0.000658,0.114891,1.002592,1.003202
Zoom_video,172.0,0.176744,1.777308,8.7e-05,0.000231,0.000499,0.003324,1.002846,23.205768
