template_image,photo_image,left_x,top_y,right_x,bottom_y
template/test_template_000.png,photo/test_photo_000.png,51,1226,77,1253
template/test_template_000.png,photo/test_photo_000.png,1592,606,1619,635
template/test_template_000.png,photo/test_photo_000.png,732,1306,741,1314
template/test_template_000.png,photo/test_photo_000.png,1517,56,1525,64
template/test_template_000.png,photo/test_photo_000.png,1413,844,1439,872
template/test_template_000.png,photo/test_photo_000.png,1511,222,1526,232
template/test_template_001.png,photo/test_photo_001.png,514,2860,528,2874
template/test_template_001.png,photo/test_photo_001.png,1962,2653,2001,2692
template/test_template_001.png,photo/test_photo_001.png,728,2637,764,2677
template/test_template_001.png,photo/test_photo_001.png,2122,411,2157,448
template/test_template_001.png,photo/test_photo_001.png,334,1141,342,1149
template/test_template_002.png,photo/test_photo_002.png,1599,1198,1623,1221
template/test_template_002.png,photo/test_photo_002.png,653,1026,663,1036
template/test_template_002.png,photo/test_photo_002.png,741,715,767,725
template/test_template_002.png,photo/test_photo_002.png,615,1805,637,1829
template/test_template_002.png,photo/test_photo_002.png,982,1450,988,1456
template/test_template_002.png,photo/test_photo_002.png,868,279,892,302
template/test_template_002.png,photo/test_photo_002.png,313,204,321,212
template/test_template_002.png,photo/test_photo_002.png,1393,473,1407,487
template/test_template_003.png,photo/test_photo_003.png,979,916,992,927
template/test_template_003.png,photo/test_photo_003.png,496,1152,505,1165
template/test_template_003.png,photo/test_photo_003.png,915,985,933,1004
template/test_template_003.png,photo/test_photo_003.png,338,930,357,949
template/test_template_003.png,photo/test_photo_003.png,369,965,384,976
template/test_template_004.png,photo/test_photo_004.png,710,1001,744,1037
template/test_template_004.png,photo/test_photo_004.png,937,291,970,324
template/test_template_004.png,photo/test_photo_004.png,944,1566,963,1579
template/test_template_004.png,photo/test_photo_004.png,1262,418,1274,430
template/test_template_004.png,photo/test_photo_004.png,851,1155,883,1187
template/test_template_004.png,photo/test_photo_004.png,1474,1816,1499,1845
template/test_template_004.png,photo/test_photo_004.png,996,502,1002,512
template/test_template_004.png,photo/test_photo_004.png,843,451,854,463
template/test_template_004.png,photo/test_photo_004.png,1385,2194,1416,2227
template/test_template_004.png,photo/test_photo_004.png,517,1962,540,1968
template/test_template_005.png,photo/test_photo_005.png,978,2106,998,2128
template/test_template_005.png,photo/test_photo_005.png,790,1478,819,1514
template/test_template_005.png,photo/test_photo_005.png,511,628,522,638
template/test_template_005.png,photo/test_photo_005.png,956,1998,964,2006
template/test_template_005.png,photo/test_photo_005.png,238,1494,247,1503
template/test_template_005.png,photo/test_photo_005.png,133,493,162,533
template/test_template_005.png,photo/test_photo_005.png,300,785,311,797
template/test_template_005.png,photo/test_photo_005.png,476,1356,496,1377
template/test_template_006.png,photo/test_photo_006.png,424,1579,449,1603
template/test_template_006.png,photo/test_photo_006.png,712,491,734,514
template/test_template_006.png,photo/test_photo_006.png,41,835,55,849
template/test_template_007.png,photo/test_photo_007.png,243,1596,275,1629
template/test_template_007.png,photo/test_photo_007.png,445,1667,479,1700
template/test_template_007.png,photo/test_photo_007.png,1067,878,1097,910
template/test_template_007.png,photo/test_photo_007.png,679,924,689,933
template/test_template_007.png,photo/test_photo_007.png,1252,985,1287,994
template/test_template_007.png,photo/test_photo_007.png,508,941,543,972
template/test_template_007.png,photo/test_photo_007.png,295,904,330,935
template/test_template_008.png,photo/test_photo_008.png,104,1153,129,1180
template/test_template_008.png,photo/test_photo_008.png,209,1702,221,1722
template/test_template_008.png,photo/test_photo_008.png,606,1020,616,1030
template/test_template_008.png,photo/test_photo_008.png,54,1613,78,1639
template/test_template_008.png,photo/test_photo_008.png,929,616,953,629
template/test_template_008.png,photo/test_photo_008.png,124,406,152,430
template/test_template_008.png,photo/test_photo_008.png,41,2069,54,2082
template/test_template_009.png,photo/test_photo_009.png,1160,1692,1182,1713
template/test_template_009.png,photo/test_photo_009.png,1195,635,1215,657
template/test_template_009.png,photo/test_photo_009.png,927,1963,949,1984
template/test_template_009.png,photo/test_photo_009.png,679,1975,701,1998
template/test_template_009.png,photo/test_photo_009.png,946,1136,969,1157
template/test_template_009.png,photo/test_photo_009.png,52,871,72,893
template/test_template_010.png,photo/test_photo_010.png,1054,1944,1065,1955
template/test_template_010.png,photo/test_photo_010.png,923,1440,948,1463
template/test_template_010.png,photo/test_photo_010.png,781,2213,805,2233
template/test_template_010.png,photo/test_photo_010.png,80,402,108,428
template/test_template_010.png,photo/test_photo_010.png,336,1971,348,1997
template/test_template_010.png,photo/test_photo_010.png,556,2194,569,2208
template/test_template_011.png,photo/test_photo_011.png,1204,1659,1227,1680
template/test_template_011.png,photo/test_photo_011.png,1015,1665,1023,1673
template/test_template_011.png,photo/test_photo_011.png,346,594,382,617
template/test_template_011.png,photo/test_photo_011.png,707,1709,729,1730
template/test_template_011.png,photo/test_photo_011.png,1149,1670,1169,1689
template/test_template_011.png,photo/test_photo_011.png,1220,1842,1239,1861
template/test_template_011.png,photo/test_photo_011.png,331,371,354,392
template/test_template_011.png,photo/test_photo_011.png,132,1470,142,1480
template/test_template_011.png,photo/test_photo_011.png,1357,344,1374,356
template/test_template_012.png,photo/test_photo_012.png,1052,1688,1075,1712
template/test_template_012.png,photo/test_photo_012.png,687,1492,709,1514
template/test_template_012.png,photo/test_photo_012.png,978,1423,988,1439
template/test_template_012.png,photo/test_photo_012.png,970,760,977,773
template/test_template_012.png,photo/test_photo_012.png,131,894,153,925
template/test_template_012.png,photo/test_photo_012.png,456,5,486,41
template/test_template_012.png,photo/test_photo_012.png,340,471,362,495
template/test_template_012.png,photo/test_photo_012.png,971,760,976,767
template/test_template_013.png,photo/test_photo_013.png,463,1742,482,1764
template/test_template_013.png,photo/test_photo_013.png,409,706,428,728
template/test_template_013.png,photo/test_photo_013.png,1127,1701,1148,1723
template/test_template_013.png,photo/test_photo_013.png,495,1561,517,1582
template/test_template_013.png,photo/test_photo_013.png,848,190,870,212
template/test_template_013.png,photo/test_photo_013.png,858,996,880,1033
template/test_template_014.png,photo/test_photo_014.png,1388,1321,1413,1343
template/test_template_014.png,photo/test_photo_014.png,1298,133,1319,156
template/test_template_014.png,photo/test_photo_014.png,393,2143,414,2166
template/test_template_014.png,photo/test_photo_014.png,184,342,207,364
template/test_template_014.png,photo/test_photo_014.png,399,348,420,369
template/test_template_014.png,photo/test_photo_014.png,186,789,198,801
template/test_template_014.png,photo/test_photo_014.png,324,389,341,421
template/test_template_015.png,photo/test_photo_015.png,755,47,769,61
template/test_template_015.png,photo/test_photo_015.png,1522,1736,1543,1757
template/test_template_015.png,photo/test_photo_015.png,628,1416,635,1437
template/test_template_015.png,photo/test_photo_015.png,496,1749,517,1769
template/test_template_015.png,photo/test_photo_015.png,1418,1105,1440,1126
template/test_template_015.png,photo/test_photo_015.png,1405,872,1417,884
template/test_template_015.png,photo/test_photo_015.png,241,1439,257,1476
template/test_template_016.png,photo/test_photo_016.png,401,1791,413,1803
template/test_template_016.png,photo/test_photo_016.png,841,1938,870,1965
template/test_template_016.png,photo/test_photo_016.png,1392,1385,1417,1411
template/test_template_017.png,photo/test_photo_017.png,713,1664,740,1689
template/test_template_017.png,photo/test_photo_017.png,607,412,633,438
template/test_template_017.png,photo/test_photo_017.png,1094,1866,1129,1887
template/test_template_017.png,photo/test_photo_017.png,1311,450,1324,465
template/test_template_017.png,photo/test_photo_017.png,613,1027,623,1036
template/test_template_017.png,photo/test_photo_017.png,1584,1563,1595,1590
template/test_template_017.png,photo/test_photo_017.png,323,1324,337,1338
template/test_template_017.png,photo/test_photo_017.png,843,576,869,587
template/test_template_017.png,photo/test_photo_017.png,1337,72,1362,99
template/test_template_017.png,photo/test_photo_017.png,1485,224,1516,246
template/test_template_018.png,photo/test_photo_018.png,613,620,632,638
template/test_template_018.png,photo/test_photo_018.png,436,702,464,733
template/test_template_018.png,photo/test_photo_018.png,1013,578,1034,596
template/test_template_018.png,photo/test_photo_018.png,685,1377,695,1387
template/test_template_018.png,photo/test_photo_018.png,681,1663,699,1694
template/test_template_018.png,photo/test_photo_018.png,448,703,462,724
template/test_template_018.png,photo/test_photo_018.png,117,439,136,458
template/test_template_018.png,photo/test_photo_018.png,992,764,1012,785
template/test_template_018.png,photo/test_photo_018.png,852,405,872,424
template/test_template_018.png,photo/test_photo_018.png,252,108,266,122
template/test_template_018.png,photo/test_photo_018.png,1150,440,1173,468
template/test_template_019.png,photo/test_photo_019.png,1139,204,1167,231
template/test_template_019.png,photo/test_photo_019.png,1005,965,1028,989
template/test_template_019.png,photo/test_photo_019.png,449,1893,473,1917
template/test_template_019.png,photo/test_photo_019.png,281,1290,294,1315
template/test_template_019.png,photo/test_photo_019.png,49,1666,59,1676
template/test_template_019.png,photo/test_photo_019.png,1181,45,1189,53
template/test_template_019.png,photo/test_photo_019.png,74,847,98,874
template/test_template_019.png,photo/test_photo_019.png,1363,405,1389,433
template/test_template_019.png,photo/test_photo_019.png,319,340,341,350
template/test_template_019.png,photo/test_photo_019.png,847,1011,874,1025
template/test_template_019.png,photo/test_photo_019.png,292,986,301,1007
template/test_template_020.png,photo/test_photo_020.png,775,1730,802,1760
template/test_template_020.png,photo/test_photo_020.png,1291,1688,1318,1716
template/test_template_020.png,photo/test_photo_020.png,434,1215,460,1229
template/test_template_020.png,photo/test_photo_020.png,712,1977,740,2000
template/test_template_020.png,photo/test_photo_020.png,125,326,153,355
template/test_template_020.png,photo/test_photo_020.png,235,1459,255,1493
template/test_template_020.png,photo/test_photo_020.png,507,1442,534,1471
template/test_template_021.png,photo/test_photo_021.png,800,1581,809,1589
template/test_template_021.png,photo/test_photo_021.png,214,1736,228,1755
template/test_template_021.png,photo/test_photo_021.png,1297,370,1321,395
template/test_template_021.png,photo/test_photo_021.png,46,682,59,694
template/test_template_021.png,photo/test_photo_021.png,133,1767,147,1781
template/test_template_021.png,photo/test_photo_021.png,575,899,587,911
template/test_template_021.png,photo/test_photo_021.png,1495,438,1517,461
template/test_template_021.png,photo/test_photo_021.png,1337,193,1366,210
template/test_template_021.png,photo/test_photo_021.png,238,101,261,121
template/test_template_021.png,photo/test_photo_021.png,276,198,284,206
template/test_template_022.png,photo/test_photo_022.png,911,513,936,537
template/test_template_022.png,photo/test_photo_022.png,40,745,64,770
template/test_template_022.png,photo/test_photo_022.png,751,1319,772,1342
template/test_template_022.png,photo/test_photo_022.png,447,781,459,793
template/test_template_023.png,photo/test_photo_023.png,306,1839,333,1866
template/test_template_023.png,photo/test_photo_023.png,364,506,393,535
template/test_template_023.png,photo/test_photo_023.png,72,464,84,476
template/test_template_024.png,photo/test_photo_024.png,952,1500,980,1526
template/test_template_024.png,photo/test_photo_024.png,704,271,712,280
template/test_template_024.png,photo/test_photo_024.png,699,1184,714,1215
template/test_template_024.png,photo/test_photo_024.png,235,232,264,258
template/test_template_024.png,photo/test_photo_024.png,860,42,900,76
template/test_template_024.png,photo/test_photo_024.png,14,1033,43,1061
template/test_template_024.png,photo/test_photo_024.png,1634,1953,1659,1980
template/test_template_024.png,photo/test_photo_024.png,829,1903,840,1922
template/test_template_025.png,photo/test_photo_025.png,1081,1936,1100,1957
template/test_template_025.png,photo/test_photo_025.png,672,1898,691,1919
template/test_template_025.png,photo/test_photo_025.png,792,1726,800,1735
template/test_template_025.png,photo/test_photo_025.png,733,1487,754,1508
template/test_template_025.png,photo/test_photo_025.png,1124,1108,1144,1142
template/test_template_025.png,photo/test_photo_025.png,54,1130,73,1151
template/test_template_026.png,photo/test_photo_026.png,844,1021,856,1033
template/test_template_026.png,photo/test_photo_026.png,1813,995,1824,1006
template/test_template_026.png,photo/test_photo_026.png,1348,563,1370,583
template/test_template_026.png,photo/test_photo_026.png,160,688,174,702
template/test_template_026.png,photo/test_photo_026.png,1409,693,1421,717
template/test_template_026.png,photo/test_photo_026.png,823,1284,844,1305
template/test_template_026.png,photo/test_photo_026.png,1448,198,1467,219
template/test_template_026.png,photo/test_photo_026.png,915,822,934,843
template/test_template_027.png,photo/test_photo_027.png,1589,533,1603,547
template/test_template_027.png,photo/test_photo_027.png,1351,1096,1379,1108
template/test_template_027.png,photo/test_photo_027.png,1482,804,1499,820
template/test_template_027.png,photo/test_photo_027.png,598,1218,614,1235
template/test_template_028.png,photo/test_photo_028.png,1920,1086,1937,1105
template/test_template_028.png,photo/test_photo_028.png,658,1118,690,1132
template/test_template_028.png,photo/test_photo_028.png,1684,1374,1694,1384
template/test_template_028.png,photo/test_photo_028.png,334,1287,344,1318
template/test_template_028.png,photo/test_photo_028.png,1534,88,1551,105
template/test_template_028.png,photo/test_photo_028.png,23,318,37,332
template/test_template_029.png,photo/test_photo_029.png,1166,1037,1185,1049
template/test_template_029.png,photo/test_photo_029.png,1637,474,1654,499
template/test_template_029.png,photo/test_photo_029.png,1566,247,1584,268
template/test_template_029.png,photo/test_photo_029.png,1341,401,1352,412
template/test_template_029.png,photo/test_photo_029.png,1259,1076,1280,1097
template/test_template_029.png,photo/test_photo_029.png,748,1010,768,1031
template/test_template_029.png,photo/test_photo_029.png,1889,412,1909,432
template/test_template_030.png,photo/test_photo_030.png,614,1238,633,1257
template/test_template_030.png,photo/test_photo_030.png,1279,1170,1298,1188
template/test_template_030.png,photo/test_photo_030.png,2045,929,2055,939
template/test_template_030.png,photo/test_photo_030.png,2091,64,2099,72
template/test_template_030.png,photo/test_photo_030.png,396,842,402,848
template/test_template_030.png,photo/test_photo_030.png,981,382,999,400
template/test_template_030.png,photo/test_photo_030.png,331,198,341,216
template/test_template_030.png,photo/test_photo_030.png,1634,1445,1652,1464
template/test_template_031.png,photo/test_photo_031.png,1744,83,1760,100
template/test_template_031.png,photo/test_photo_031.png,511,583,518,591
template/test_template_031.png,photo/test_photo_031.png,234,699,242,707
template/test_template_031.png,photo/test_photo_031.png,314,1049,326,1061
template/test_template_031.png,photo/test_photo_031.png,115,437,131,454
template/test_template_031.png,photo/test_photo_031.png,826,188,842,204
template/test_template_031.png,photo/test_photo_031.png,958,232,975,249
template/test_template_032.png,photo/test_photo_032.png,1373,1200,1403,1227
template/test_template_032.png,photo/test_photo_032.png,709,1396,740,1423
template/test_template_032.png,photo/test_photo_032.png,1315,75,1340,87
template/test_template_032.png,photo/test_photo_032.png,1246,2057,1264,2077
template/test_template_032.png,photo/test_photo_032.png,882,702,910,731
template/test_template_032.png,photo/test_photo_032.png,270,1777,298,1808
template/test_template_033.png,photo/test_photo_033.png,1260,1333,1298,1360
template/test_template_033.png,photo/test_photo_033.png,1089,1302,1113,1326
template/test_template_033.png,photo/test_photo_033.png,637,1495,644,1503
template/test_template_033.png,photo/test_photo_033.png,1317,886,1331,925
template/test_template_033.png,photo/test_photo_033.png,554,2011,580,2034
template/test_template_033.png,photo/test_photo_033.png,486,402,511,425
template/test_template_033.png,photo/test_photo_033.png,67,359,78,383
template/test_template_034.png,photo/test_photo_034.png,711,653,740,688
template/test_template_034.png,photo/test_photo_034.png,1471,1680,1477,1686
template/test_template_034.png,photo/test_photo_034.png,1022,358,1044,378
template/test_template_034.png,photo/test_photo_034.png,1177,2087,1185,2095
template/test_template_034.png,photo/test_photo_034.png,1210,649,1226,680
template/test_template_034.png,photo/test_photo_034.png,1076,413,1086,445
template/test_template_034.png,photo/test_photo_034.png,320,844,339,865
template/test_template_034.png,photo/test_photo_034.png,803,300,833,321
template/test_template_035.png,photo/test_photo_035.png,1172,1482,1195,1505
template/test_template_035.png,photo/test_photo_035.png,700,1058,706,1064
template/test_template_035.png,photo/test_photo_035.png,934,509,942,525
template/test_template_035.png,photo/test_photo_035.png,70,1301,91,1324
template/test_template_036.png,photo/test_photo_036.png,172,677,195,700
template/test_template_036.png,photo/test_photo_036.png,1091,1015,1110,1046
template/test_template_036.png,photo/test_photo_036.png,480,1874,488,1882
template/test_template_036.png,photo/test_photo_036.png,887,370,905,390
template/test_template_036.png,photo/test_photo_036.png,219,766,260,807
template/test_template_036.png,photo/test_photo_036.png,417,306,437,345
template/test_template_036.png,photo/test_photo_036.png,546,1951,557,1962
template/test_template_037.png,photo/test_photo_037.png,1200,2039,1223,2061
template/test_template_037.png,photo/test_photo_037.png,706,1246,730,1268
template/test_template_037.png,photo/test_photo_037.png,830,755,841,765
template/test_template_037.png,photo/test_photo_037.png,1182,1261,1198,1289
template/test_template_037.png,photo/test_photo_037.png,232,1573,244,1606
template/test_template_037.png,photo/test_photo_037.png,1483,1088,1506,1110
template/test_template_037.png,photo/test_photo_037.png,226,520,253,558
template/test_template_037.png,photo/test_photo_037.png,875,1372,887,1384
template/test_template_037.png,photo/test_photo_037.png,1519,441,1542,463
template/test_template_038.png,photo/test_photo_038.png,359,1605,385,1628
template/test_template_038.png,photo/test_photo_038.png,1306,83,1330,109
template/test_template_038.png,photo/test_photo_038.png,1176,1766,1210,1778
template/test_template_038.png,photo/test_photo_038.png,1493,747,1516,765
template/test_template_038.png,photo/test_photo_038.png,751,836,771,858
template/test_template_038.png,photo/test_photo_038.png,1332,530,1354,562
template/test_template_038.png,photo/test_photo_038.png,436,1949,463,1973
template/test_template_038.png,photo/test_photo_038.png,88,1037,111,1063
template/test_template_038.png,photo/test_photo_038.png,1332,537,1345,561
template/test_template_039.png,photo/test_photo_039.png,618,1989,637,2011
template/test_template_039.png,photo/test_photo_039.png,338,1054,348,1065
template/test_template_039.png,photo/test_photo_039.png,212,176,232,187
template/test_template_039.png,photo/test_photo_039.png,761,1011,784,1032
template/test_template_039.png,photo/test_photo_039.png,440,462,459,482
template/test_template_040.png,photo/test_photo_040.png,576,2105,605,2134
template/test_template_040.png,photo/test_photo_040.png,71,595,92,616
template/test_template_040.png,photo/test_photo_040.png,1320,1768,1343,1790
template/test_template_040.png,photo/test_photo_040.png,668,732,676,740
template/test_template_040.png,photo/test_photo_040.png,1132,1417,1154,1439
template/test_template_040.png,photo/test_photo_040.png,488,1089,499,1100
template/test_template_040.png,photo/test_photo_040.png,390,1917,414,1939
template/test_template_041.png,photo/test_photo_041.png,902,852,924,873
template/test_template_041.png,photo/test_photo_041.png,490,1544,512,1565
template/test_template_041.png,photo/test_photo_041.png,685,1614,706,1634
template/test_template_041.png,photo/test_photo_041.png,563,1642,584,1662
template/test_template_041.png,photo/test_photo_041.png,680,30,697,58
template/test_template_041.png,photo/test_photo_041.png,873,1544,895,1565
template/test_template_041.png,photo/test_photo_041.png,708,1469,716,1484
template/test_template_042.png,photo/test_photo_042.png,720,385,748,414
template/test_template_042.png,photo/test_photo_042.png,1405,1270,1431,1298
template/test_template_042.png,photo/test_photo_042.png,1487,673,1499,685
template/test_template_042.png,photo/test_photo_042.png,1141,1676,1155,1690
template/test_template_042.png,photo/test_photo_042.png,11,2093,41,2122
template/test_template_042.png,photo/test_photo_042.png,574,498,582,506
template/test_template_042.png,photo/test_photo_042.png,391,823,419,850
template/test_template_042.png,photo/test_photo_042.png,849,206,872,232
template/test_template_042.png,photo/test_photo_042.png,373,491,396,515
template/test_template_042.png,photo/test_photo_042.png,394,878,402,888
template/test_template_043.png,photo/test_photo_043.png,823,1856,852,1886
template/test_template_043.png,photo/test_photo_043.png,840,519,868,548
template/test_template_043.png,photo/test_photo_043.png,765,1147,794,1177
template/test_template_043.png,photo/test_photo_043.png,490,1213,503,1233
template/test_template_043.png,photo/test_photo_043.png,759,1842,774,1865
template/test_template_043.png,photo/test_photo_043.png,1422,623,1446,633
template/test_template_043.png,photo/test_photo_043.png,1195,1677,1217,1706
template/test_template_043.png,photo/test_photo_043.png,223,762,241,774
template/test_template_044.png,photo/test_photo_044.png,544,1229,571,1257
template/test_template_044.png,photo/test_photo_044.png,798,1669,827,1694
template/test_template_044.png,photo/test_photo_044.png,630,568,657,592
template/test_template_044.png,photo/test_photo_044.png,1152,1150,1178,1174
template/test_template_044.png,photo/test_photo_044.png,1129,1870,1155,1897
template/test_template_044.png,photo/test_photo_044.png,730,350,741,361
template/test_template_044.png,photo/test_photo_044.png,632,577,655,592
template/test_template_045.png,photo/test_photo_045.png,1284,766,1310,793
template/test_template_045.png,photo/test_photo_045.png,946,146,971,173
template/test_template_045.png,photo/test_photo_045.png,105,1320,130,1347
template/test_template_045.png,photo/test_photo_045.png,927,904,951,931
template/test_template_045.png,photo/test_photo_045.png,60,2212,70,2222
template/test_template_045.png,photo/test_photo_045.png,624,1073,648,1100
template/test_template_045.png,photo/test_photo_045.png,269,206,281,218
template/test_template_046.png,photo/test_photo_046.png,1151,1100,1172,1121
template/test_template_046.png,photo/test_photo_046.png,374,1720,392,1740
template/test_template_046.png,photo/test_photo_046.png,211,1444,243,1460
template/test_template_046.png,photo/test_photo_046.png,1404,1307,1427,1328
template/test_template_046.png,photo/test_photo_046.png,1509,207,1529,228
template/test_template_046.png,photo/test_photo_046.png,1342,20,1354,32
template/test_template_046.png,photo/test_photo_046.png,162,2083,184,2105
template/test_template_047.png,photo/test_photo_047.png,759,1250,787,1277
template/test_template_047.png,photo/test_photo_047.png,656,1719,680,1747
template/test_template_047.png,photo/test_photo_047.png,493,1500,518,1527
template/test_template_047.png,photo/test_photo_047.png,474,1819,482,1826
template/test_template_047.png,photo/test_photo_047.png,33,1744,50,1784
template/test_template_047.png,photo/test_photo_047.png,93,180,105,192
template/test_template_047.png,photo/test_photo_047.png,1493,978,1519,1002
template/test_template_048.png,photo/test_photo_048.png,362,1257,385,1279
template/test_template_048.png,photo/test_photo_048.png,1546,1259,1569,1281
template/test_template_048.png,photo/test_photo_048.png,364,46,391,55
template/test_template_049.png,photo/test_photo_049.png,1035,619,1056,640
template/test_template_049.png,photo/test_photo_049.png,805,1461,826,1484
template/test_template_049.png,photo/test_photo_049.png,1194,58,1230,80
template/test_template_049.png,photo/test_photo_049.png,266,610,287,632
template/test_template_049.png,photo/test_photo_049.png,576,1495,599,1518
template/test_template_049.png,photo/test_photo_049.png,761,1615,783,1656
template/test_template_050.png,photo/test_photo_050.png,94,1834,120,1863
template/test_template_050.png,photo/test_photo_050.png,1453,651,1464,662
template/test_template_050.png,photo/test_photo_050.png,423,1810,445,1818
template/test_template_050.png,photo/test_photo_050.png,730,1936,742,1959
template/test_template_050.png,photo/test_photo_050.png,528,836,555,862
template/test_template_050.png,photo/test_photo_050.png,403,431,425,464
template/test_template_051.png,photo/test_photo_051.png,72,1530,84,1542
template/test_template_051.png,photo/test_photo_051.png,253,1599,286,1611
template/test_template_051.png,photo/test_photo_051.png,151,1860,174,1882
template/test_template_051.png,photo/test_photo_051.png,1450,2107,1474,2131
template/test_template_051.png,photo/test_photo_051.png,893,2104,917,2128
template/test_template_051.png,photo/test_photo_051.png,804,2135,818,2149
template/test_template_051.png,photo/test_photo_051.png,1397,392,1408,403
template/test_template_051.png,photo/test_photo_051.png,182,423,201,461
template/test_template_052.png,photo/test_photo_052.png,687,0,716,31
template/test_template_052.png,photo/test_photo_052.png,1827,901,1862,923
template/test_template_052.png,photo/test_photo_052.png,621,533,628,540
template/test_template_052.png,photo/test_photo_052.png,1194,644,1202,652
template/test_template_052.png,photo/test_photo_052.png,1472,629,1484,642
template/test_template_052.png,photo/test_photo_052.png,1588,112,1600,125
template/test_template_052.png,photo/test_photo_052.png,1181,338,1193,351
template/test_template_052.png,photo/test_photo_052.png,1658,752,1670,764
template/test_template_053.png,photo/test_photo_053.png,1293,1183,1324,1214
template/test_template_053.png,photo/test_photo_053.png,1046,1189,1060,1203
template/test_template_053.png,photo/test_photo_053.png,1340,666,1352,678
template/test_template_053.png,photo/test_photo_053.png,872,502,902,533
template/test_template_053.png,photo/test_photo_053.png,1358,1396,1388,1427
template/test_template_053.png,photo/test_photo_053.png,212,1346,224,1358
template/test_template_054.png,photo/test_photo_054.png,30,1456,53,1480
template/test_template_054.png,photo/test_photo_054.png,801,1472,808,1480
template/test_template_054.png,photo/test_photo_054.png,496,701,517,724
template/test_template_054.png,photo/test_photo_054.png,418,407,445,431
template/test_template_055.png,photo/test_photo_055.png,912,2219,947,2259
template/test_template_055.png,photo/test_photo_055.png,615,1836,635,1857
template/test_template_055.png,photo/test_photo_055.png,697,200,717,221
template/test_template_055.png,photo/test_photo_055.png,74,678,96,698
template/test_template_055.png,photo/test_photo_055.png,1391,324,1397,331
template/test_template_056.png,photo/test_photo_056.png,1538,1181,1557,1202
template/test_template_056.png,photo/test_photo_056.png,1216,384,1226,401
template/test_template_056.png,photo/test_photo_056.png,1186,2102,1194,2110
template/test_template_056.png,photo/test_photo_056.png,1490,587,1508,606
template/test_template_056.png,photo/test_photo_056.png,339,739,358,759
template/test_template_056.png,photo/test_photo_056.png,1588,1718,1608,1739
template/test_template_056.png,photo/test_photo_056.png,79,1056,98,1075
template/test_template_056.png,photo/test_photo_056.png,405,345,410,351
template/test_template_057.png,photo/test_photo_057.png,1232,869,1258,893
template/test_template_057.png,photo/test_photo_057.png,743,443,756,455
template/test_template_057.png,photo/test_photo_057.png,274,1878,299,1904
template/test_template_057.png,photo/test_photo_057.png,484,1689,519,1699
template/test_template_057.png,photo/test_photo_057.png,1142,1658,1152,1688
template/test_template_057.png,photo/test_photo_057.png,495,1963,517,1995
template/test_template_057.png,photo/test_photo_057.png,821,2162,847,2187
template/test_template_058.png,photo/test_photo_058.png,1237,690,1260,713
template/test_template_058.png,photo/test_photo_058.png,875,637,898,659
template/test_template_058.png,photo/test_photo_058.png,845,1520,854,1529
template/test_template_058.png,photo/test_photo_058.png,908,1888,922,1902
template/test_template_058.png,photo/test_photo_058.png,86,1033,120,1069
template/test_template_058.png,photo/test_photo_058.png,853,1983,869,1993
template/test_template_059.png,photo/test_photo_059.png,765,1903,777,1915
template/test_template_059.png,photo/test_photo_059.png,1263,1230,1295,1255
template/test_template_059.png,photo/test_photo_059.png,509,1177,517,1185
template/test_template_059.png,photo/test_photo_059.png,1262,558,1290,584
template/test_template_059.png,photo/test_photo_059.png,1434,699,1460,726
template/test_template_059.png,photo/test_photo_059.png,366,979,394,1007
template/test_template_059.png,photo/test_photo_059.png,117,216,143,243
template/test_template_059.png,photo/test_photo_059.png,1543,554,1553,564
template/test_template_059.png,photo/test_photo_059.png,776,38,784,46
template/test_template_060.png,photo/test_photo_060.png,939,17,967,46
template/test_template_060.png,photo/test_photo_060.png,187,1628,217,1655
template/test_template_060.png,photo/test_photo_060.png,490,1430,519,1454
template/test_template_060.png,photo/test_photo_060.png,721,834,740,855
template/test_template_060.png,photo/test_photo_060.png,1092,1735,1116,1769
template/test_template_060.png,photo/test_photo_060.png,555,578,561,584
template/test_template_060.png,photo/test_photo_060.png,84,221,112,251
template/test_template_060.png,photo/test_photo_060.png,747,761,782,782
template/test_template_060.png,photo/test_photo_060.png,1394,461,1406,473
template/test_template_060.png,photo/test_photo_060.png,747,761,768,777
template/test_template_061.png,photo/test_photo_061.png,1103,829,1119,846
template/test_template_061.png,photo/test_photo_061.png,217,830,227,840
template/test_template_061.png,photo/test_photo_061.png,1140,583,1156,601
template/test_template_061.png,photo/test_photo_061.png,1926,1390,1941,1406
template/test_template_061.png,photo/test_photo_061.png,229,103,245,120
template/test_template_062.png,photo/test_photo_062.png,1099,1138,1120,1159
template/test_template_062.png,photo/test_photo_062.png,2195,758,2223,796
template/test_template_062.png,photo/test_photo_062.png,2301,606,2323,627
template/test_template_062.png,photo/test_photo_062.png,1991,1263,2011,1284
template/test_template_062.png,photo/test_photo_062.png,2199,1382,2218,1402
template/test_template_062.png,photo/test_photo_062.png,2196,759,2205,768
template/test_template_062.png,photo/test_photo_062.png,415,1406,436,1427
template/test_template_062.png,photo/test_photo_062.png,2532,225,2561,248
template/test_template_062.png,photo/test_photo_062.png,753,169,789,195
template/test_template_062.png,photo/test_photo_062.png,1645,504,1671,531
template/test_template_063.png,photo/test_photo_063.png,1766,228,1783,246
template/test_template_063.png,photo/test_photo_063.png,2441,633,2457,650
template/test_template_063.png,photo/test_photo_063.png,1475,853,1491,870
template/test_template_063.png,photo/test_photo_063.png,314,1133,330,1150
template/test_template_063.png,photo/test_photo_063.png,575,672,584,681
template/test_template_064.png,photo/test_photo_064.png,1064,1159,1080,1175
template/test_template_064.png,photo/test_photo_064.png,281,1291,295,1305
template/test_template_064.png,photo/test_photo_064.png,1819,277,1831,289
template/test_template_064.png,photo/test_photo_064.png,531,1417,548,1435
template/test_template_064.png,photo/test_photo_064.png,98,364,108,374
template/test_template_064.png,photo/test_photo_064.png,1064,1387,1087,1404
template/test_template_065.png,photo/test_photo_065.png,1211,571,1225,586
template/test_template_065.png,photo/test_photo_065.png,1567,150,1588,179
template/test_template_065.png,photo/test_photo_065.png,411,1362,423,1374
template/test_template_065.png,photo/test_photo_065.png,829,52,843,67
template/test_template_065.png,photo/test_photo_065.png,1211,571,1225,586
template/test_template_066.png,photo/test_photo_066.png,1237,226,1254,244
template/test_template_066.png,photo/test_photo_066.png,1808,428,1836,452
template/test_template_066.png,photo/test_photo_066.png,195,1018,212,1034
template/test_template_066.png,photo/test_photo_066.png,1082,1269,1098,1285
template/test_template_067.png,photo/test_photo_067.png,1384,70,1399,85
template/test_template_067.png,photo/test_photo_067.png,542,49,556,64
template/test_template_067.png,photo/test_photo_067.png,198,901,208,912
template/test_template_067.png,photo/test_photo_067.png,303,928,317,944
template/test_template_068.png,photo/test_photo_068.png,1816,1035,1846,1073
template/test_template_068.png,photo/test_photo_068.png,2111,1397,2134,1431
template/test_template_068.png,photo/test_photo_068.png,280,960,298,978
template/test_template_068.png,photo/test_photo_068.png,2113,33,2131,52
template/test_template_068.png,photo/test_photo_068.png,1198,619,1220,631
template/test_template_068.png,photo/test_photo_068.png,768,1427,780,1436
template/test_template_069.png,photo/test_photo_069.png,398,1012,412,1027
template/test_template_069.png,photo/test_photo_069.png,1541,990,1563,1023
template/test_template_069.png,photo/test_photo_069.png,809,872,824,887
template/test_template_069.png,photo/test_photo_069.png,2353,15,2367,29
template/test_template_069.png,photo/test_photo_069.png,2029,301,2043,320
template/test_template_069.png,photo/test_photo_069.png,2359,852,2378,874
template/test_template_070.png,photo/test_photo_070.png,2206,1036,2242,1054
template/test_template_070.png,photo/test_photo_070.png,801,323,833,360
template/test_template_070.png,photo/test_photo_070.png,2514,425,2533,445
template/test_template_070.png,photo/test_photo_070.png,814,1411,832,1431
template/test_template_071.png,photo/test_photo_071.png,1811,1336,1835,1375
template/test_template_071.png,photo/test_photo_071.png,1740,810,1748,818
template/test_template_071.png,photo/test_photo_071.png,1458,936,1472,950
template/test_template_071.png,photo/test_photo_071.png,704,277,720,296
template/test_template_071.png,photo/test_photo_071.png,442,907,461,943
template/test_template_071.png,photo/test_photo_071.png,1063,1374,1080,1393
template/test_template_071.png,photo/test_photo_071.png,59,344,71,356
template/test_template_072.png,photo/test_photo_072.png,1192,462,1204,476
template/test_template_072.png,photo/test_photo_072.png,1784,512,1796,526
template/test_template_072.png,photo/test_photo_072.png,1816,108,1828,122
template/test_template_072.png,photo/test_photo_072.png,1387,956,1401,971
template/test_template_072.png,photo/test_photo_072.png,631,722,643,735
template/test_template_072.png,photo/test_photo_072.png,576,470,588,484
template/test_template_072.png,photo/test_photo_072.png,1836,1017,1842,1023
template/test_template_073.png,photo/test_photo_073.png,1322,540,1338,559
template/test_template_073.png,photo/test_photo_073.png,2407,301,2424,318
template/test_template_073.png,photo/test_photo_073.png,1798,583,1813,602
template/test_template_073.png,photo/test_photo_073.png,1019,878,1036,896
template/test_template_073.png,photo/test_photo_073.png,624,777,636,788
template/test_template_073.png,photo/test_photo_073.png,146,29,158,41
template/test_template_074.png,photo/test_photo_074.png,778,1705,798,1726
template/test_template_074.png,photo/test_photo_074.png,1130,1171,1150,1192
template/test_template_074.png,photo/test_photo_074.png,981,230,1002,251
template/test_template_074.png,photo/test_photo_074.png,242,1280,262,1301
template/test_template_074.png,photo/test_photo_074.png,655,1662,667,1672
template/test_template_074.png,photo/test_photo_074.png,832,539,852,560
template/test_template_074.png,photo/test_photo_074.png,465,833,473,841
template/test_template_075.png,photo/test_photo_075.png,1011,802,1043,835
template/test_template_075.png,photo/test_photo_075.png,237,1717,275,1748
template/test_template_075.png,photo/test_photo_075.png,637,1657,671,1684
template/test_template_075.png,photo/test_photo_075.png,1336,702,1342,708
template/test_template_075.png,photo/test_photo_075.png,171,193,204,225
template/test_template_075.png,photo/test_photo_075.png,1364,2257,1374,2267
template/test_template_075.png,photo/test_photo_075.png,327,257,341,272
template/test_template_076.png,photo/test_photo_076.png,678,535,711,565
template/test_template_076.png,photo/test_photo_076.png,129,595,143,609
template/test_template_076.png,photo/test_photo_076.png,368,1619,378,1629
template/test_template_076.png,photo/test_photo_076.png,1113,1468,1123,1478
template/test_template_076.png,photo/test_photo_076.png,795,135,829,166
template/test_template_076.png,photo/test_photo_076.png,24,2148,55,2181
template/test_template_076.png,photo/test_photo_076.png,108,905,118,915
template/test_template_076.png,photo/test_photo_076.png,824,2144,836,2157
template/test_template_076.png,photo/test_photo_076.png,273,951,300,966
template/test_template_077.png,photo/test_photo_077.png,2765,1602,2787,1624
template/test_template_077.png,photo/test_photo_077.png,2091,736,2113,759
template/test_template_077.png,photo/test_photo_077.png,1140,1404,1148,1419
template/test_template_077.png,photo/test_photo_077.png,2099,738,2113,755
template/test_template_077.png,photo/test_photo_077.png,1668,851,1688,875
template/test_template_077.png,photo/test_photo_077.png,2585,383,2604,405
template/test_template_078.png,photo/test_photo_078.png,256,1748,282,1775
template/test_template_078.png,photo/test_photo_078.png,779,1365,790,1391
template/test_template_078.png,photo/test_photo_078.png,1462,1065,1488,1092
template/test_template_079.png,photo/test_photo_079.png,956,1625,964,1633
template/test_template_079.png,photo/test_photo_079.png,748,100,779,132
template/test_template_079.png,photo/test_photo_079.png,288,1092,317,1121
template/test_template_079.png,photo/test_photo_079.png,364,421,382,444
template/test_template_079.png,photo/test_photo_079.png,463,424,494,455
template/test_template_079.png,photo/test_photo_079.png,121,1422,131,1432
template/test_template_079.png,photo/test_photo_079.png,342,2169,356,2183
template/test_template_079.png,photo/test_photo_079.png,771,1518,781,1528
template/test_template_079.png,photo/test_photo_079.png,1590,1986,1606,2009
template/test_template_080.png,photo/test_photo_080.png,1572,1688,1596,1712
template/test_template_080.png,photo/test_photo_080.png,1174,1305,1187,1318
template/test_template_080.png,photo/test_photo_080.png,1602,1254,1615,1283
template/test_template_080.png,photo/test_photo_080.png,182,436,205,461
template/test_template_081.png,photo/test_photo_081.png,807,1846,834,1876
template/test_template_081.png,photo/test_photo_081.png,692,1508,702,1518
template/test_template_081.png,photo/test_photo_081.png,1271,1642,1284,1654
template/test_template_081.png,photo/test_photo_081.png,739,582,749,592
template/test_template_081.png,photo/test_photo_081.png,1129,785,1140,796
template/test_template_081.png,photo/test_photo_081.png,314,1310,340,1344
template/test_template_081.png,photo/test_photo_081.png,350,334,381,363
template/test_template_081.png,photo/test_photo_081.png,113,1955,142,1985
template/test_template_081.png,photo/test_photo_081.png,1479,977,1508,1005
template/test_template_081.png,photo/test_photo_081.png,1495,1058,1522,1088
template/test_template_081.png,photo/test_photo_081.png,159,1128,167,1136
template/test_template_082.png,photo/test_photo_082.png,1174,1356,1203,1390
template/test_template_082.png,photo/test_photo_082.png,1132,1430,1162,1458
template/test_template_082.png,photo/test_photo_082.png,1322,1578,1336,1592
template/test_template_082.png,photo/test_photo_082.png,1061,961,1071,971
template/test_template_082.png,photo/test_photo_082.png,1064,1640,1075,1652
template/test_template_082.png,photo/test_photo_082.png,1577,812,1605,841
template/test_template_083.png,photo/test_photo_083.png,164,1037,179,1054
template/test_template_083.png,photo/test_photo_083.png,1758,503,1772,515
template/test_template_083.png,photo/test_photo_083.png,963,435,975,453
template/test_template_083.png,photo/test_photo_083.png,144,808,160,818
template/test_template_083.png,photo/test_photo_083.png,656,1123,685,1145
template/test_template_084.png,photo/test_photo_084.png,1266,1037,1295,1070
template/test_template_084.png,photo/test_photo_084.png,1126,542,1157,573
template/test_template_084.png,photo/test_photo_084.png,682,1491,712,1523
template/test_template_084.png,photo/test_photo_084.png,409,1849,416,1857
template/test_template_085.png,photo/test_photo_085.png,1159,2041,1186,2069
template/test_template_085.png,photo/test_photo_085.png,940,718,977,743
template/test_template_085.png,photo/test_photo_085.png,1162,1192,1167,1198
template/test_template_085.png,photo/test_photo_085.png,462,2007,489,2036
template/test_template_086.png,photo/test_photo_086.png,285,1220,318,1253
template/test_template_086.png,photo/test_photo_086.png,642,366,674,381
template/test_template_086.png,photo/test_photo_086.png,1065,610,1083,634
template/test_template_086.png,photo/test_photo_086.png,749,1012,761,1024
template/test_template_086.png,photo/test_photo_086.png,1242,2193,1270,2225
template/test_template_086.png,photo/test_photo_086.png,1030,132,1059,148
template/test_template_086.png,photo/test_photo_086.png,169,968,202,999
template/test_template_086.png,photo/test_photo_086.png,301,1473,332,1507
template/test_template_086.png,photo/test_photo_086.png,1585,830,1593,838
template/test_template_087.png,photo/test_photo_087.png,949,1433,977,1460
template/test_template_087.png,photo/test_photo_087.png,666,942,680,957
template/test_template_087.png,photo/test_photo_087.png,676,773,685,784
template/test_template_087.png,photo/test_photo_087.png,1101,810,1109,819
template/test_template_087.png,photo/test_photo_087.png,1116,32,1140,54
template/test_template_087.png,photo/test_photo_087.png,1359,1075,1392,1095
template/test_template_087.png,photo/test_photo_087.png,207,483,230,522
template/test_template_088.png,photo/test_photo_088.png,1467,1442,1492,1469
template/test_template_088.png,photo/test_photo_088.png,2308,1504,2339,1533
template/test_template_088.png,photo/test_photo_088.png,1778,1353,1803,1380
template/test_template_088.png,photo/test_photo_088.png,1559,645,1571,657
template/test_template_088.png,photo/test_photo_088.png,803,387,814,399
template/test_template_088.png,photo/test_photo_088.png,2003,1104,2017,1118
template/test_template_088.png,photo/test_photo_088.png,1621,1080,1656,1091
template/test_template_089.png,photo/test_photo_089.png,51,640,75,664
template/test_template_089.png,photo/test_photo_089.png,1005,1154,1030,1176
template/test_template_089.png,photo/test_photo_089.png,1118,1856,1139,1879
template/test_template_089.png,photo/test_photo_089.png,1002,1495,1026,1519
template/test_template_089.png,photo/test_photo_089.png,280,1009,293,1028
template/test_template_090.png,photo/test_photo_090.png,608,1989,627,2010
template/test_template_090.png,photo/test_photo_090.png,1347,705,1361,719
template/test_template_090.png,photo/test_photo_090.png,290,1383,310,1404
template/test_template_090.png,photo/test_photo_090.png,1467,217,1486,238
template/test_template_090.png,photo/test_photo_090.png,99,999,111,1011
template/test_template_091.png,photo/test_photo_091.png,872,1569,901,1596
template/test_template_091.png,photo/test_photo_091.png,686,274,715,303
template/test_template_091.png,photo/test_photo_091.png,323,710,349,740
template/test_template_091.png,photo/test_photo_091.png,1173,2084,1200,2100
template/test_template_091.png,photo/test_photo_091.png,1526,624,1540,638
template/test_template_091.png,photo/test_photo_091.png,886,1571,900,1594
template/test_template_091.png,photo/test_photo_091.png,283,19,313,49
template/test_template_091.png,photo/test_photo_091.png,216,1444,244,1474
template/test_template_091.png,photo/test_photo_091.png,1540,1919,1552,1931
template/test_template_092.png,photo/test_photo_092.png,300,1776,332,1807
template/test_template_092.png,photo/test_photo_092.png,586,680,616,712
template/test_template_092.png,photo/test_photo_092.png,911,1574,942,1603
template/test_template_092.png,photo/test_photo_092.png,26,1662,35,1671
template/test_template_092.png,photo/test_photo_092.png,560,882,567,888
template/test_template_092.png,photo/test_photo_092.png,474,1373,503,1405
template/test_template_092.png,photo/test_photo_092.png,400,277,440,301
template/test_template_092.png,photo/test_photo_092.png,508,2021,537,2053
template/test_template_093.png,photo/test_photo_093.png,950,1738,982,1772
template/test_template_093.png,photo/test_photo_093.png,1481,1747,1511,1778
template/test_template_093.png,photo/test_photo_093.png,1450,1858,1460,1868
template/test_template_093.png,photo/test_photo_093.png,86,1273,112,1298
template/test_template_093.png,photo/test_photo_093.png,717,1133,746,1163
template/test_template_093.png,photo/test_photo_093.png,1193,600,1225,611
template/test_template_093.png,photo/test_photo_093.png,535,376,543,385
template/test_template_093.png,photo/test_photo_093.png,351,1088,364,1100
template/test_template_093.png,photo/test_photo_093.png,1613,548,1623,558
template/test_template_094.png,photo/test_photo_094.png,2574,708,2593,727
template/test_template_094.png,photo/test_photo_094.png,620,1166,638,1184
template/test_template_094.png,photo/test_photo_094.png,1041,976,1059,995
template/test_template_094.png,photo/test_photo_094.png,627,1076,637,1086
template/test_template_094.png,photo/test_photo_094.png,1366,1026,1374,1034
template/test_template_094.png,photo/test_photo_094.png,362,1420,381,1438
template/test_template_095.png,photo/test_photo_095.png,1256,494,1278,516
template/test_template_095.png,photo/test_photo_095.png,605,531,612,539
template/test_template_095.png,photo/test_photo_095.png,1112,1626,1133,1648
template/test_template_095.png,photo/test_photo_095.png,1260,847,1280,871
template/test_template_095.png,photo/test_photo_095.png,1233,1436,1243,1446
template/test_template_095.png,photo/test_photo_095.png,1512,1851,1534,1873
template/test_template_095.png,photo/test_photo_095.png,387,1980,395,1988
template/test_template_096.png,photo/test_photo_096.png,1466,1315,1490,1338
template/test_template_096.png,photo/test_photo_096.png,930,684,955,708
template/test_template_096.png,photo/test_photo_096.png,913,419,925,430
template/test_template_096.png,photo/test_photo_096.png,651,38,671,59
template/test_template_096.png,photo/test_photo_096.png,127,1466,152,1491
template/test_template_096.png,photo/test_photo_096.png,172,2015,184,2041
template/test_template_096.png,photo/test_photo_096.png,486,1380,494,1404
template/test_template_097.png,photo/test_photo_097.png,600,943,629,973
template/test_template_097.png,photo/test_photo_097.png,695,1187,720,1210
template/test_template_097.png,photo/test_photo_097.png,776,1219,784,1227
template/test_template_097.png,photo/test_photo_097.png,241,1648,251,1658
template/test_template_097.png,photo/test_photo_097.png,616,320,643,344
template/test_template_097.png,photo/test_photo_097.png,368,995,378,1014
template/test_template_098.png,photo/test_photo_098.png,897,1452,927,1481
template/test_template_098.png,photo/test_photo_098.png,1193,977,1203,987
template/test_template_098.png,photo/test_photo_098.png,1172,1136,1201,1164
template/test_template_099.png,photo/test_photo_099.png,330,1790,362,1821
template/test_template_099.png,photo/test_photo_099.png,599,1449,629,1480
template/test_template_099.png,photo/test_photo_099.png,714,1258,744,1288
template/test_template_099.png,photo/test_photo_099.png,687,1053,717,1084
template/test_template_099.png,photo/test_photo_099.png,1071,1112,1089,1138
template/test_template_099.png,photo/test_photo_099.png,1034,2196,1042,2204
template/test_template_099.png,photo/test_photo_099.png,278,628,288,638
template/test_template_099.png,photo/test_photo_099.png,641,96,651,106
