class,support,errors,error_share_of_total,mean_confidence_when_wrong
Discord_voice,238,20,0.08695652173913043,0.701807975769043
Discord_video,256,36,0.1565217391304348,0.8525899648666382
GoogleMeet_voice,40,9,0.0391304347826087,0.6138007640838623
GoogleMeet_video,112,38,0.16521739130434782,0.7254853844642639
Messenger_voice,94,11,0.04782608695652174,0.853651225566864
Messenger_video,131,20,0.08695652173913043,0.8228985071182251
WhatsApp_voice,80,0,0.0,0.0
WhatsApp_video,82,9,0.0391304347826087,0.859639048576355
Zoom_voice,80,43,0.18695652173913044,0.8150999546051025
Zoom_video,172,44,0.19130434782608696,0.7660329937934875
