label,count,mean,std,min,50%,max
Discord_voice,952.0,2946036.7,2685847.2,4.5,2101752.7,14750000.0
Discord_video,1024.0,16243088.1,15242347.4,47.0,13096363.6,89769230.8
GoogleMeet_voice,160.0,1468759.4,1154778.6,78.9,1102051.4,5136363.6
GoogleMeet_video,448.0,5992762.4,9094631.9,73.8,1260423.9,43962963.0
Messenger_voice,376.0,1083342.4,2042462.9,43.9,393149.9,15692307.7
Messenger_video,524.0,7446410.9,8322629.8,51.9,4217702.5,41730769.2
WhatsApp_voice,320.0,313033.9,494610.5,25.9,146978.0,3400000.0
WhatsApp_video,328.0,12161657.8,8413221.7,932.6,12460320.3,37888888.9
Zoom_voice,320.0,1577360.6,1468290.1,100.9,1148366.0,7200000.0
Zoom_video,688.0,6751331.0,6947324.9,45.3,4007416.3,30941176.5
