feature,mutual_info,anova_f
len_min,1.2709,77.5896
len_4,1.177,115.7158
len_q25,1.1657,87.2653
log_len_4,1.1615,119.1198
log_len_3,1.1548,107.307
len_3,1.1527,100.889
len_0,1.1467,98.3645
len_q75,1.1463,158.0568
log_len_0,1.1395,95.6894
len_max,1.1317,181.5864
len_median,1.1274,130.3506
len_1,1.0671,108.6446
log_len_2,1.0617,122.2214
log_len_1,1.0578,105.6417
len_2,1.0559,121.859
rtp_payload_mean,1.0078,149.9228
len_fftmag_0,1.0055,149.9224
len_dct_0,1.0007,149.9225
total_bytes,1.0001,149.9224
len_sum,0.9992,149.9224
srtp_payload_mean,0.9966,149.9226
len_mean,0.9963,149.9226
group_max_bytes_20000us,0.923,148.7266
group_max_bytes_5000us,0.9217,148.9141
group_max_bytes_1000us,0.9,136.6402
group_max_bytes_500us,0.8881,120.172
len_range,0.7768,137.9431
len_ratio_02,0.7537,63.5559
len_over_first_2,0.7472,63.5559
len_over_first_1,0.7464,61.4442
len_ratio_01,0.7445,61.4442
len_std,0.7321,136.6435
first_vs_rest_diff,0.7278,83.1475
len_fftmag_2,0.7236,115.2831
len_over_first_3,0.7204,49.8055
len_dct_1,0.7148,53.5117
len_trend_slope,0.7087,58.3032
len_cv,0.7073,73.2639
len_ratio_03,0.7049,49.8055
len_dct_4,0.6853,1.3436
len_diff_03,0.6832,53.8308
len_dct_2,0.6813,38.3442
len_diff_02,0.6772,69.8771
len_over_first_4,0.674,57.3174
len_fftmag_1,0.6693,104.5181
len_step_1,0.6688,53.6119
len_dct_3,0.6671,24.5903
len_diff_01,0.6604,53.6119
len_ratio_04,0.6592,57.3174
len_diff_04,0.6526,73.4277
first_vs_rest_ratio,0.6451,52.3064
len_ratio_12,0.5966,7.2023
len_ratio_14,0.5845,5.8579
len_ratio_13,0.5549,6.475
inst_rate_sum,0.5324,88.5807
inst_rate_mean,0.5324,88.5807
log_inst_rate_max,0.531,123.9752
inst_rate_max,0.5282,104.2929
inst_rate_q75,0.5147,94.9719
len_diff_14,0.514,5.0548
len_over_max_4,0.5129,35.2948
len_over_max_3,0.5117,20.4396
len_iqr,0.5012,32.5833
len_ratio_23,0.4996,3.8117
len_step_2,0.489,2.2107
inst_rate_median,0.4813,80.6328
len_over_max_0,0.4811,83.4059
log_inst_rate_q75,0.4809,116.8146
len_ratio_34,0.4766,6.1965
len_diff_12,0.4642,2.2107
len_diff_13,0.4619,1.5751
bytes_time_slope,0.4596,59.2331
len_over_max_1,0.4488,13.8046
log_inst_rate_median,0.4475,103.3334
len_diff_34,0.4319,2.229
log_inst_rate_sum,0.4302,109.916
log_inst_rate_mean,0.4302,109.916
inst_rate_q25,0.4261,61.818
bytes_per_sec,0.4257,55.4979
log_bytes_per_sec,0.4227,67.7843
frac_mid,0.4215,119.8241
len_ratio_24,0.4207,2.7973
n_mid,0.4194,119.824
len_over_max_2,0.4173,14.225
len_step_4,0.4156,2.229
len_diff_23,0.4023,2.7057
len_diff_24,0.4003,2.674
len_step_3,0.391,2.7057
len_skew,0.3896,29.4429
log_inst_rate_q25,0.3861,91.4661
frac_tiny,0.379,82.8943
inst_rate_range,0.3723,62.688
frac_audio,0.3668,89.4016
inst_rate_std,0.3601,61.0064
n_audio,0.3593,89.4017
len_trend_r2,0.3469,8.6287
inst_rate_min,0.3395,31.509
log_inst_rate_min,0.3372,55.2587
len_kurt,0.3325,13.084
n_tiny,0.3267,82.8943
len_mod16_0,0.3239,17.9658
inst_rate_iqr,0.2933,43.2594
logiat_q25,0.2576,12.4352
iat_q25,0.2563,12.4228
log_t_4,0.2463,15.2985
logiat_sum,0.2431,15.2504
logiat_dct_0,0.242,15.2504
logiat_mean,0.2419,15.2504
packets_per_sec,0.2417,36.8923
log_duration,0.2409,15.2985
t_4,0.2402,1.9242
duration,0.2386,1.9242
logiat_q75,0.2374,14.303
iat_mean,0.2359,1.9242
log_t_2,0.2349,4.9882
iat_sum,0.2342,1.9242
t_2,0.2323,0.9939
iat_q75,0.2284,2.0316
iat_median,0.2252,1.0635
logiat_median,0.223,1.0473
log_t_3,0.221,8.5277
logiat_min,0.2181,7.3205
iat_iqr,0.2177,2.0292
t_3,0.2173,1.1015
tfrac_4,0.2148,-0.0
logiat_iqr,0.2125,14.2704
iat_min,0.2116,7.315
len_mod16_4,0.2073,11.0574
len_mod16_3,0.2052,6.4968
len_mod8_0,0.2051,23.3747
len_entropy,0.205,15.7256
len_n_decrease,0.2032,46.8056
logiat_range,0.1972,15.182
logiat_max,0.1971,15.1873
len_n_equal_step,0.1947,24.0637
frac_mtu,0.1933,54.9665
first_is_tiny,0.193,61.4412
iat_range,0.191,1.8634
log_inst_rate_cv,0.19,26.6995
iat_std,0.1878,1.8658
logiat_std,0.1876,15.1657
iat_max,0.1862,1.8638
first_is_mid,0.1824,89.9649
logiat_dct_3,0.1788,0.5615
len_mod16_2,0.1786,7.8432
logiat_dct_2,0.1773,0.644
logiat_dct_1,0.1772,1.3596
iat_3,0.1764,0.6418
len_mod16_1,0.1707,7.7622
first_is_audio,0.1706,49.4595
log_iat_3,0.1701,4.4143
log_inst_rate_std,0.1666,19.8223
log_inst_rate_range,0.1648,21.2195
log_iat_1,0.1611,2.4157
len_mod8_n_distinct,0.1605,16.6259
iat_1,0.1605,0.7059
group_gap_mean_500us,0.1565,1.1915
iat_frac_4,0.1552,2.3926
tfrac_3,0.1551,2.3929
n_mtu,0.1546,54.9665
t_1,0.1519,0.7059
logiat_cv,0.1518,15.936
len_mod16_n_distinct,0.1496,17.5611
iat_cv,0.1488,15.9604
len_n_distinct,0.1478,15.9051
log_t_1,0.1467,2.4157
len_n_increase,0.1406,23.4371
tfrac_2,0.1399,3.6951
len_step_sign_1,0.1385,27.1266
log_iat_4,0.1381,7.4989
iat_4,0.1349,7.5642
longest_burst_500us,0.1301,28.5745
len_mod8_4,0.1287,7.436
tfrac_1,0.1198,2.9667
iat_frac_1,0.1198,2.9667
len_mod8_3,0.1188,6.1147
group_max_packets_1000us,0.1185,16.8241
iat_frac_2,0.1138,1.9901
inst_rate_cv,0.1127,22.1463
len_argmin,0.1105,25.6952
len_mod4_n_distinct,0.1099,12.758
packets_per_group_500us,0.1084,30.1179
log_iat_2,0.1071,2.7661
n_len47,0.107,28.345
len_step_sign_4,0.1069,5.757
len_step_sign_2,0.1047,10.5398
frac_iat_below_1000us,0.101,15.2122
len_mod8_1,0.0993,9.2856
iat_2,0.0959,1.9597
group_gap_mean_1000us,0.0954,1.6149
is_constant_keepalive,0.0953,19.341
len_mod4_0,0.0949,15.3182
len_argmax,0.0932,11.7149
n_groups_500us,0.0918,25.413
n_groups_1000us,0.0914,15.2115
log_inst_rate_iqr,0.0903,18.528
len_mod8_2,0.0896,10.0889
n_iat_below_500us,0.0881,25.413
iat_kurt,0.0865,1.8723
group_max_packets_500us,0.0857,28.5745
len_mod4_1,0.0856,14.1732
logiat_skew,0.0851,3.9657
iat_skew,0.0846,3.9749
frac_iat_below_500us,0.0824,25.413
inst_rate_skew,0.0793,18.1122
len_step_sign_3,0.0789,9.0086
logiat_kurt,0.0773,1.8616
len_mod4_n_zero,0.0747,18.3104
packets_per_group_1000us,0.0726,18.7544
len_mod4_3,0.0722,9.2597
frac_iat_below_5000us,0.0722,20.0286
len_mod16_n_zero,0.072,21.6408
len_longest_monotone,0.0703,13.2734
len_mod4_2,0.0683,8.0108
log_inst_rate_kurt,0.0653,2.3098
len_mod4_4,0.0636,10.3001
n_iat_below_20000us,0.0622,23.8105
group_max_packets_20000us,0.0619,20.9553
iat_frac_3,0.0609,2.4778
group_gap_mean_20000us,0.0586,1.8534
n_iat_below_1000us,0.056,15.2122
packets_per_group_20000us,0.0518,24.2505
n_groups_20000us,0.0485,23.8065
group_gap_mean_5000us,0.047,1.8604
log_inst_rate_skew,0.046,6.2032
len_all_equal,0.0458,13.0178
longest_burst_1000us,0.0456,16.8241
longest_burst_5000us,0.0412,17.5517
inst_rate_kurt,0.0397,1.4311
n_iat_below_5000us,0.0388,20.0286
len_mod8_n_zero,0.0383,13.8322
bytes_time_r2,0.0352,11.9165
len_over_first_0,0.0309,0.0
frac_iat_below_20000us,0.0281,23.8105
packets_per_group_5000us,0.026,21.0723
n_groups_5000us,0.0232,20.0269
longest_burst_20000us,0.0199,20.9553
group_max_packets_5000us,0.0043,17.5517
log_t_0,0.0029,0.0
t_0,0.0,0.0
first_is_mtu,0.0,12.4992
