,mean_abs_shap
len_max,0.570056241104136
len_min,0.5083264729391819
len_mean,0.20869209393108493
len_median,0.18966886359156918
len_0,0.18279608052174104
len_fftmag_2,0.15645961881491313
len_trend_r2,0.147486825635316
len_4,0.1449275410902967
len_3,0.1392612901233109
len_skew,0.13564074494738518
len_kurt,0.1323619145632375
iat_frac_3,0.13098357631581806
n_audio,0.12445432941323861
len_q25,0.12240728082178012
len_std,0.11869580797274693
len_mod16_0,0.11666640962694416
n_mid,0.11540853635393811
iat_3,0.11288169161471594
inst_rate_max,0.11250035499160538
len_mod8_0,0.10622335460919344
len_range,0.103949990839807
len_q75,0.10026723865375534
inst_rate_skew,0.09395246786373078
inst_rate_cv,0.0932195123478986
inst_rate_iqr,0.09297433458854511
t_1,0.09144839030627983
len_dct_4,0.08914163630357992
iat_min,0.08674162840182685
len_2,0.08593675115231833
len_fftmag_1,0.08570555113629005
len_mod16_2,0.08499101070862479
log_inst_rate_iqr,0.08432793300789333
len_cv,0.08360637867840555
log_inst_rate_kurt,0.08329517837110427
inst_rate_q75,0.08286752142509383
inst_rate_kurt,0.07967325736784805
bytes_time_r2,0.07816738356132884
iat_4,0.07779675915470394
len_over_max_4,0.07612618135255819
inst_rate_q25,0.07593338636986209
logiat_dct_3,0.07358484071977693
len_iqr,0.07273196084691841
len_mod4_0,0.07052412603598349
len_over_max_1,0.07037763136759832
len_mod4_1,0.07011252766271178
len_over_max_0,0.06857563939272297
iat_median,0.06856789233113625
len_mod16_3,0.06850563439325545
iat_2,0.0680786747763892
group_max_bytes_1000us,0.06779067557491626
len_mod16_4,0.06677525089248647
len_diff_01,0.06643045337984976
n_len47,0.0650424080015782
len_ratio_04,0.06498149888311427
log_inst_rate_q25,0.06381922096500217
len_mod4_3,0.06367738155624206
t_2,0.06312837463488932
len_mod8_3,0.06222848843651632
len_n_decrease,0.062113723322257675
log_inst_rate_median,0.06152186846876665
first_vs_rest_diff,0.06145984915703458
inst_rate_std,0.06091315718615781
tfrac_3,0.060903206679894684
len_mod8_2,0.06085386804526325
len_dct_3,0.06060471465467501
len_over_max_3,0.05905832322487742
len_1,0.05888801750839969
len_dct_2,0.058855617256696635
logiat_dct_1,0.05881544571470916
len_n_distinct,0.058561970831141355
len_ratio_01,0.057280875132407295
len_over_max_2,0.05585140934683761
group_max_bytes_500us,0.05571736420532361
log_inst_rate_skew,0.05505667001932144
log_inst_rate_std,0.05505433641389212
len_mod16_1,0.05454633471528595
bytes_time_slope,0.05391756984355433
len_mod16_n_distinct,0.053648599096359856
len_mod16_n_zero,0.05324009233104543
iat_q25,0.05286869951816122
iat_frac_2,0.052758325569965694
len_mod4_4,0.05152804268829318
logiat_dct_2,0.05074451905337476
len_sum,0.05072841354151979
len_mod4_n_distinct,0.050515623512466565
inst_rate_median,0.05046511875811409
tfrac_2,0.04944673848157911
iat_skew,0.04790367083421459
iat_kurt,0.04789326375009124
iat_iqr,0.0477285622685986
log_inst_rate_q75,0.047423406905344086
len_mod4_n_zero,0.04530850242432271
len_diff_04,0.04526863886411687
len_diff_23,0.045208677644430824
len_n_increase,0.04445491660790387
len_mod8_4,0.04443186453453479
inst_rate_range,0.04434645074097697
inst_rate_mean,0.04406057276030358
log_len_4,0.044033898590289104
len_diff_14,0.0417668249636044
iat_cv,0.041168979677946325
len_ratio_13,0.0410051777899662
len_diff_02,0.039932605633609314
bytes_per_sec,0.03946887492534258
log_len_0,0.03937639555282039
len_ratio_34,0.03860855957647968
len_n_equal_step,0.03853059770614085
t_3,0.037955755701745614
iat_frac_1,0.03784228412121194
logiat_q25,0.03710381638835755
iat_frac_4,0.03667260582055942
len_ratio_02,0.03632862261622649
len_ratio_03,0.035354997084078285
len_ratio_23,0.03528350562197312
len_mod8_n_distinct,0.03315814401387583
len_diff_12,0.032865005345080786
len_mod8_1,0.03268276899726435
group_max_bytes_5000us,0.03229005716299981
group_max_bytes_20000us,0.032213026796180155
len_ratio_24,0.032040511669201945
len_ratio_14,0.031365045534812584
first_vs_rest_ratio,0.03131139984932174
len_diff_24,0.031126506028082684
len_argmax,0.03096646348580672
logiat_median,0.030290387408492978
log_inst_rate_range,0.030060905074652502
len_diff_13,0.030023708234946895
log_t_1,0.029840052962185736
len_dct_1,0.028546235738464334
inst_rate_min,0.027989014007784332
len_argmin,0.027724816641469707
logiat_min,0.02771534445988942
len_diff_34,0.02745747031420174
len_ratio_12,0.027374568495089766
log_inst_rate_cv,0.02736336013210681
len_diff_03,0.02601873666954578
len_over_first_1,0.025860398549310624
iat_q75,0.02580423363105853
logiat_kurt,0.02555061590447203
log_iat_3,0.02319327232426594
len_trend_slope,0.022550747381414448
logiat_iqr,0.022391228442197753
log_len_3,0.022062609287217212
log_len_2,0.02165594159898623
log_inst_rate_mean,0.021355883529000523
len_mod4_2,0.021150950142304482
log_iat_2,0.02097350426403227
log_iat_4,0.020185520147179465
tfrac_1,0.019909397273476313
logiat_skew,0.019217912850957967
logiat_mean,0.018719794251194428
logiat_cv,0.01868155984336415
log_inst_rate_max,0.01850416963305008
t_4,0.01807921582400278
iat_std,0.017697681329967373
iat_range,0.017485855890614393
n_tiny,0.01716673082967963
len_longest_monotone,0.016230453800845777
log_t_2,0.015869227650146606
inst_rate_sum,0.015243055103002986
len_over_first_4,0.014766927605983983
frac_audio,0.013882783692199736
len_step_3,0.01263736522480284
rtp_payload_mean,0.012635421226460646
len_over_first_2,0.011952218912502605
len_step_1,0.011844135044125733
len_mod8_n_zero,0.01156124385107033
log_len_1,0.011434314601349516
log_t_3,0.011332131333850953
frac_mid,0.01111736288749842
iat_max,0.011114201433847223
logiat_q75,0.01056509422659725
len_step_2,0.009472785823384306
log_t_4,0.009334887052887807
packets_per_sec,0.00921493716230129
n_iat_below_500us,0.0090201491786542
len_entropy,0.009008883292365048
group_gap_mean_500us,0.008410336491214499
log_bytes_per_sec,0.00836906738412973
len_step_4,0.007754444565328418
log_inst_rate_min,0.007006928868773816
iat_1,0.006261012934295859
len_over_first_3,0.006028402869118206
log_inst_rate_sum,0.0059783625621274835
is_constant_keepalive,0.005250852979061716
logiat_range,0.004584003916342932
total_bytes,0.004518574705216732
tfrac_4,0.004487791285223433
first_is_tiny,0.0041340622872702
first_is_audio,0.003430118208356862
logiat_std,0.0034186970722250277
group_max_packets_500us,0.003190675695096001
longest_burst_500us,0.003058102580193966
logiat_max,0.0027616852280566533
frac_tiny,0.002522283590898365
iat_mean,0.002470618371832386
len_step_sign_4,0.001652146238246839
n_mtu,0.001190094507340159
len_step_sign_1,0.000953106391253868
logiat_sum,0.0009404872131296403
group_gap_mean_1000us,0.0005753760128185174
n_groups_1000us,0.0003307611121793206
frac_iat_below_500us,0.00032068972682403524
len_step_sign_3,0.0003021988702820764
longest_burst_20000us,0.00017305046049349555
first_is_mid,4.6643571516526914e-05
n_iat_below_1000us,1.0002382877704596e-05
logiat_dct_0,7.091625525691528e-06
group_max_packets_1000us,3.3887036387800435e-07
log_duration,0.0
frac_mtu,0.0
len_dct_0,0.0
duration,0.0
log_t_0,0.0
log_iat_1,0.0
t_0,0.0
iat_sum,0.0
len_fftmag_0,0.0
first_is_mtu,0.0
n_iat_below_5000us,0.0
len_all_equal,0.0
n_groups_20000us,0.0
longest_burst_5000us,0.0
n_groups_5000us,0.0
group_max_packets_5000us,0.0
packets_per_group_1000us,0.0
group_gap_mean_5000us,0.0
packets_per_group_5000us,0.0
n_iat_below_20000us,0.0
frac_iat_below_20000us,0.0
group_max_packets_20000us,0.0
srtp_payload_mean,0.0
group_gap_mean_20000us,0.0
len_over_first_0,0.0
longest_burst_1000us,0.0
frac_iat_below_1000us,0.0
packets_per_group_500us,0.0
len_step_sign_2,0.0
frac_iat_below_5000us,0.0
n_groups_500us,0.0
packets_per_group_20000us,0.0
